{
    "af": {
        "name": "Afrikaans",
        "native_name": "Afrikaans"
    },
    "sq": {
        "name": "Albanian",
        "native_name": "Shqip"
    },
    "am": {
        "name": "Amharic",
        "native_name": "አማርኛ"
    },
    "ar": {
        "name": "Arabic",
        "native_name": "العربية"
    },
    "hy": {
        "name": "Armenian",
        "native_name": "Հայերեն"
    },
    "az": {
        "name": "Azerbaijani",
        "native_name": "azərbaycan dili"
    },
    "eu": {
        "name": "Basque",
        "native_name": "euskara, euskera"
    },
    "be": {
        "name": "Belarusian",
        "native_name": "Беларуская"
    },
    "bn": {
        "name": "Bengali",
        "native_name": "বাংলা"
    },
    "bs": {
        "name": "Bosnian",
        "native_name": "bosanski jezik"
    },
    "bg": {
        "name": "Bulgarian",
        "native_name": "български език"
    },
    "ca": {
        "name": "Catalan",
        "native_name": "Català"
    },
    "zh": {
        "name": "Chinese",
        "native_name": "中文 (Zhōngwén), 汉语, 漢語"
    },
    "co": {
        "name": "Corsican",
        "native_name": "corsu, lingua corsa"
    },
    "hr": {
        "name": "Croatian",
        "native_name": "hrvatski"
    },
    "cs": {
        "name": "Czech",
        "native_name": "česky, čeština"
    },
    "da": {
        "name": "Danish",
        "native_name": "dansk"
    },
    "nl": {
        "name": "Dutch",
        "native_name": "Nederlands, Vlaams"
    },
    "en": {
        "name": "English",
        "native_name": "English"
    },
    "eo": {
        "name": "Esperanto",
        "native_name": "Esperanto"
    },
    "et": {
        "name": "Estonian",
        "native_name": "eesti, eesti keel"
    },
    "fi": {
        "name": "Finnish",
        "native_name": "suomi, suomen kieli"
    },
    "fr": {
        "name": "French",
        "native_name": "français, langue française"
    },
    "fy": {
        "name": "Frisian",
        "native_name": "Frysk"
    },
    "gl": {
        "name": "Galician",
        "native_name": "Galego"
    },
    "ka": {
        "name": "Georgian",
        "native_name": "ქართული"
    },
    "de": {
        "name": "German",
        "native_name": "Deutsch"
    },
    "el": {
        "name": "Greek",
        "native_name": "Ελληνικά"
    },
    "gu": {
        "name": "Gujarati",
        "native_name": "ગુજરાતી"
    },
    "ht": {
        "name": "Haitian",
        "native_name": "Kreyòl ayisyen"
    },
    "ha": {
        "name": "Hausa",
        "native_name": "Hausa, هَوُسَ"
    },
    "he": {
        "name": "Hebrew",
        "native_name": "עברית"
    },
    "hi": {
        "name": "Hindi",
        "native_name": "हिन्दी, हिंदी"
    },
    "hu": {
        "name": "Hungarian",
        "native_name": "Magyar"
    },
    "is": {
        "name": "Icelandic",
        "native_name": "Íslenska"
    },
    "ig": {
        "name": "Igbo",
        "native_name": "Asụsụ Igbo"
    },
    "id": {
        "name": "Indonesian",
        "native_name": "Bahasa Indonesia"
    },
    "ga": {
        "name": "Irish",
        "native_name": "Gaeilge"
    },
    "it": {
        "name": "Italian",
        "native_name": "Italiano"
    },
    "ja": {
        "name": "Japanese",
        "native_name": "日本語 (にほんご／にっぽんご)"
    },
    "jv": {
        "name": "Javanese",
        "native_name": "basa Jawa"
    },
    "kn": {
        "name": "Kannada",
        "native_name": "ಕನ್ನಡ"
    },
    "kk": {
        "name": "Kazakh",
        "native_name": "Қазақ тілі"
    },
    "km": {
        "name": "Khmer",
        "native_name": "ភាសាខ្មែរ"
    },
    "rw": {
        "name": "Kinyarwanda",
        "native_name": "Ikinyarwanda"
    },
    "ko": {
        "name": "Korean",
        "native_name": "한국어 (韓國語), 조선말 (朝鮮語)"
    },
    "ku": {
        "name": "Kurdish",
        "native_name": "Kurdî, كوردی‎"
    },
    "ky": {
        "name": "Kyrgyz",
        "native_name": "кыргыз тили"
    },
    "lo": {
        "name": "Lao",
        "native_name": "ພາສາລາວ"
    },
    "la": {
        "name": "Latin",
        "native_name": "latine, lingua latina"
    },
    "lv": {
        "name": "Latvian",
        "native_name": "latviešu valoda"
    },
    "lt": {
        "name": "Lithuanian",
        "native_name": "lietuvių kalba"
    },
    "lb": {
        "name": "Luxembourgish",
        "native_name": "Lëtzebuergesch"
    },
    "mk": {
        "name": "Macedonian",
        "native_name": "македонски јазик"
    },
    "mg": {
        "name": "Malagasy",
        "native_name": "Malagasy fiteny"
    },
    "ms": {
        "name": "Malay",
        "native_name": "bahasa Melayu, بهاس ملايو‎"
    },
    "ml": {
        "name": "Malayalam",
        "native_name": "മലയാളം"
    },
    "mt": {
        "name": "Maltese",
        "native_name": "Malti"
    },
    "mi": {
        "name": "Maori",
        "native_name": "te reo Māori"
    },
    "mr": {
        "name": "Marathi",
        "native_name": ""
    },
    "mn": {
        "name": "Mongolian",
        "native_name": "монгол"
    },
    "my": {
        "name": "Burmese",
        "native_name": "ဗမာစာ"
    },
    "ne": {
        "name": "Nepali",
        "native_name": "नेपाली"
    },
    "no": {
        "name": "Norwegian",
        "native_name": "Norsk"
    },
    "ny": {
        "name": "Nyanja (Chichewa)",
        "native_name": "chiCheŵa, chinyanja"
    },
    "or": {
        "name": "Odia (Oriya)",
        "native_name": "ଓଡ଼ିଆ"
    },
    "ps": {
        "name": "Pashto",
        "native_name": "پښتو"
    },
    "fa": {
        "name": "Persian",
        "native_name": "فارسی"
    },
    "pl": {
        "name": "Polish",
        "native_name": "polski"
    },
    "pt": {
        "name": "Portuguese",
        "native_name": "Português"
    },
    "pa": {
        "name": "Punjabi",
        "native_name": "ਪੰਜਾਬੀ, پنجابی‎"
    },
    "ro": {
        "name": "Romanian",
        "native_name": "română"
    },
    "ru": {
        "name": "Russian",
        "native_name": "русский язык"
    },
    "sm": {
        "name": "Samoan",
        "native_name": "gagana faa Samoa"
    },
    "gd": {
        "name": "Scottish Gaelic",
        "native_name": "Gàidhlig"
    },
    "sr": {
        "name": "Serbian",
        "native_name": "српски језик"
    },
    "st": {
        "name": "Sesotho",
        "native_name": "Sesotho"
    },
    "sn": {
        "name": "Shona",
        "native_name": "chiShona"
    },
    "sd": {
        "name": "Sindhi",
        "native_name": "सिन्धी, سنڌي، سندھی‎"
    },
    "si": {
        "name": "Sinhala (Sinhalese)",
        "native_name": "සිංහල"
    },
    "sk": {
        "name": "Slovak",
        "native_name": "slovenčina"
    },
    "sl": {
        "name": "Slovenian",
        "native_name": "slovenščina"
    },
    "so": {
        "name": "Somali",
        "native_name": "Soomaaliga, af Soomaali"
    },
    "es": {
        "name": "Spanish",
        "native_name": "español"
    },
    "su": {
        "name": "Sundanese",
        "native_name": "Basa Sunda"
    },
    "sw": {
        "name": "Swahili",
        "native_name": "Kiswahili"
    },
    "sv": {
        "name": "Swedish",
        "native_name": "svenska"
    },
    "tl": {
        "name": "Tagalog (Filipino)",
        "native_name": "Wikang Tagalog"
    },
    "tg": {
        "name": "Tajik",
        "native_name": "тоҷикӣ, toğikī, تاجیکی‎"
    },
    "ta": {
        "name": "Tamil",
        "native_name": "தமிழ்"
    },
    "tt": {
        "name": "Tatar",
        "native_name": "татарча, tatarça, تاتارچا‎"
    },
    "te": {
        "name": "Telugu",
        "native_name": "తెలుగు"
    },
    "th": {
        "name": "Thai",
        "native_name": "ไทย"
    },
    "tr": {
        "name": "Turkish",
        "native_name": "Türkçe"
    },
    "tk": {
        "name": "Turkmen",
        "native_name": "Türkmen, Түркмен"
    },
    "uk": {
        "name": "Ukrainian",
        "native_name": "українська"
    },
    "ur": {
        "name": "Urdu",
        "native_name": "اردو"
    },
    "ug": {
        "name": "Uyghur",
        "native_name": "Uyƣurqə, ئۇيغۇرچە‎"
    },
    "uz": {
        "name": "Uzbek",
        "native_name": "zbek, Ўзбек, أۇزبېك‎"
    },
    "vi": {
        "name": "Vietnamese",
        "native_name": "Tiếng Việt"
    },
    "cy": {
        "name": "Welsh",
        "native_name": "Cymraeg"
    },
    "xh": {
        "name": "Xhosa",
        "native_name": "isiXhosa"
    },
    "yi": {
        "name": "Yiddish",
        "native_name": "ייִדיש"
    },
    "yo": {
        "name": "Yoruba",
        "native_name": "Yorùbá"
    },
    "zu": {
        "name": "Zulu",
        "native_name": ""
    }
}