{
    "waypoints_menu_title" : "Waypoints",
    "waypoints_menu_desc" : "Does stuff.",
    "waypoints_showDistance" : "Show Distance",
    "waypoints_showDistance_desc" : "Shows the distance to the waypoint for each waypoint.",
    "waypoints_showGagePickups" : "Show Gage Pickups",
    "waypoints_showGagePickups_desc" : "Shows Gage pickups on the map.",
    "waypoints_showPlanks" : "Show Planks",
    "waypoints_showPlanks_desc" : "Show planks on the map.",
    "waypoints_showSmallLoot" : "Show Small Loot",
    "waypoints_showSmallLoot_desc" : "Shows grabbables, like loose money or jewelry.",
    "waypoints_showCrates" : "Show Crates",
    "waypoints_showCrates_desc" : "Shows openable crates, like the ones in Election Day.",
    "waypoints_showDoors" : "Show Doors",
    "waypoints_showDoors_desc" : "Shows a lock symbol on doors that require a keycard or ECM to open.",
    "waypoints_showCameraComputers" : "Show Camera Computers",
    "waypoints_showCameraComputers_desc" : "Shows where the computers to view cameras are on the map.",
    "waypoints_showDrills" : "Show Drill Locations",
    "waypoints_showDrills_desc" : "Shows where you can place a small drill.",
    "waypoints_showThermite" : "Show Thermite",
    "waypoints_showThermite_desc" : "Shows thermite pickup locations and where to use it.",
    "waypoints_showSewerManhole" : "Show Sewer Manhole Covers",
    "waypoints_showSewerManhole_desc" : "Shows where sewer manhole covers are.",
	"waypoints_showLocks" : "Show Lockboxes",
    "waypoints_showLocks_desc" : "Show lockboxes.",
	"waypoints_showSecretLoot" : "Show Secret Items",
    "waypoints_showSecretLoot_desc" : "Shows hidden items like the dead game anniversary items."
    "waypoints_makeNoise" : "Make Noise",
    "waypoints_makeNoise_desc" : "Makes a noise when the script is run.",
    "waypoints_sheaterNewb" : "Sheater Newb",
    "waypoints_sheaterNewb_desc" : "Enabling this will show a lot of things to other people, like the goats and voting machines."
}