<table name="StatTrak" image="guis/dlcs/mods/textures/pd2/blackmarket/icons/mods/wpn_fps_trk_stattrak" color="Color(0.2, 0.1, 0.8)">
	<!-- <AssetUpdates id="StatTrak" version="1">
        <custom_provider version_api_url="https://raw.githubusercontent.com/DeadneM/StatTrak/master/Version.txt" download_url="https://github.com/DeadneM/StatTrak/archive/master.zip"/>
    </AssetUpdates> -->
    <Localization directory="Localization" default="english.txt"/>
    <GlobalValue id="stattrak" color="Color(1, 0.5, 0)"/>
    <WeaponMod based_on="wpn_fps_upg_charm_cloaker" id="wpn_fps_trk_stattrak" a_obj="a_charm" type="charm" inherit_weapons="true" inherit_adds="true" inherit_override="true" inherit_parts_forbids="true" inherit_parts_override="true" ver="2"/>
	<AddFiles directory="assets">
	<!-- ALl -->
		<texture path="guis/dlcs/mods/textures/pd2/blackmarket/icons/mods/wpn_fps_trk_stattrak"/>
		<unit path="units/mods/weapons/wpn_fps_trk_stattrak/wpn_fps_trk_stattrak"/>
		<material_config path="units/mods/weapons/wpn_fps_trk_stattrak/wpn_fps_trk_stattrak"/>
		<material_config path="units/mods/weapons/wpn_fps_trk_stattrak/wpn_fps_trk_stattrak_thq"/>
		<object path="units/mods/weapons/wpn_fps_trk_stattrak/wpn_fps_trk_stattrak"/>
		<model path="units/mods/weapons/wpn_fps_trk_stattrak/wpn_fps_trk_stattrak"/>
		<cooked_physics path="units/mods/weapons/wpn_fps_trk_stattrak/wpn_fps_trk_stattrak"/>
		<texture path="units/mods/weapons/wpn_fps_trk_stattrak/textures/wpn_fps_trk_stattrak_df"/>
		<texture path="units/mods/weapons/wpn_fps_trk_stattrak/textures/wpn_fps_trk_stattrak_df_cc"/>
		<texture path="units/mods/weapons/wpn_fps_trk_stattrak/textures/wpn_fps_trk_stattrak_nm"/>
		<texture path="units/mods/weapons/wpn_fps_trk_stattrak/textures/wpn_eotech_glass_op"/>
    </AddFiles>
</table>